id,area_m2,area_hectares,centroid,bbox,intensity
1,132800.0,13.28,"(138.66114457831324, 29.82831325301205)","(104, 0, 168, 58)",1.8907981706218178
13,23000.0,2.3,"(217.87826086956522, 229.2)","(203, 222, 234, 237)",1.5496575046703267
3,8000.0,0.8,"(134.0375, 243.45)","(128, 239, 141, 249)",1.7338822416369315
10,7900.0,0.79,"(195.1772151898734, 84.67088607594937)","(190, 79, 201, 92)",0.836945133977689
2,5800.0,0.58,"(119.63793103448276, 241.31034482758622)","(113, 238, 127, 246)",1.505477315989405
12,5600.0,0.56,"(206.28571428571428, 24.375)","(202, 19, 212, 31)",1.0494770005785785
5,5000.0,0.5,"(154.74, 418.7)","(149, 415, 160, 425)",0.5179476189177992
9,4900.0,0.49,"(186.3673469387755, 210.46938775510205)","(182, 205, 192, 218)",0.4110693613203225
11,4800.0,0.48,"(200.85416666666666, 155.54166666666666)","(197, 151, 206, 161)",2.8514033405655024
8,4300.0,0.43,"(182.69767441860466, 141.65116279069767)","(179, 136, 187, 148)",1.8606517536776275
6,3400.0,0.34,"(167.61764705882354, 157.7058823529412)","(164, 154, 172, 162)",0.8250811215112387
14,2900.0,0.29,"(242.51724137931035, 150.89655172413794)","(239, 148, 247, 155)",0.4140634824651951
7,2800.0,0.28,"(171.78571428571428, 416.2142857142857)","(169, 413, 176, 420)",-1.1210656115774564
4,2600.0,0.26,"(134.23076923076923, 166.23076923076923)","(131, 164, 138, 170)",0.8145878307928734
